{
  "project_info": {
    "project_number": "668059519867",
    "firebase_url": "https://pbntrain.firebaseio.com",
    "project_id": "pbntrain",
    "storage_bucket": "pbntrain.appspot.com"
  },
  "client": [
    {
      "client_info": {
        "mobilesdk_app_id": "1:668059519867:android:6c4c2f39898f4e0f",
        "android_client_info": {
          "package_name": "pbn.train"
        }
      },
      "oauth_client": [
        {
          "client_id": "668059519867-uecg5kd9mohk8jin00ugc2ih7o14ille.apps.googleusercontent.com",
          "client_type": 3
        }
      ],
      "api_key": [
        {
          "current_key": "AIzaSyCxjkKL-QYMIaT4T-2o-2D-g4JnIcsaB0Y"
        }
      ],
      "services": {
        "analytics_service": {
          "status": 1
        },
        "appinvite_service": {
          "status": 1,
          "other_platform_oauth_client": []
        },
        "ads_service": {
          "status": 2
        }
      }
    }
  ],
  "configuration_version": "1"
}